0,15
2.26757e-05,10.1806
4.53515e-05,-1.18061
6.80272e-05,-11.7832
9.07029e-05,-14.8142
0.000113379,-8.32578
0.000136054,3.51259
0.00015873,13.0938
0.000181406,14.2612
0.000204082,6.26461
0.000226757,-5.75752
0.000249433,-14.08
0.000272109,-13.3549
0.000294785,-4.0482
0.00031746,7.85979
0.000340136,14.7172
0.000362812,12.1176
0.000385488,1.73149
0.000408163,-9.76729
0.000430839,-14.9898
0.000453515,-10.5801
0.00047619,0.628135
0.000498866,11.4328
0.000521542,14.8909
0.000544218,8.78043
0.000566893,-2.97219
0.000589569,-12.8149
0.000612245,-14.423
0.000634921,-6.76316
0.000657596,5.2426
0.000680272,13.8796
0.000702948,13.5978
0.000725624,4.57831
0.000748299,-7.3831
0.000770975,-14.6003
0.000793651,-12.4356
0.000816327,-2.28
0.000839002,9.34065
0.000861678,14.9592
0.000884354,10.9652
0.000907029,-0.0747995
0.000929705,-11.0667
0.000952381,-14.9474
0.000975057,-9.22313
0.000997732,2.42775
0.00102041,12.5186
0.00104308,14.5652
0.00106576,7.25251
0.00108844,-4.72054
0.00111111,-13.6603
0.00113379,-13.8221
0.00115646,-5.10218
0.00117914,6.89636
0.00120181,14.4634
0.00122449,12.7366
0.00124717,2.82541
0.00126984,-8.90128
0.00129252,-14.9082
0.00131519,-11.3354
0.00133787,-0.478638
0.00136054,10.6856
0.00138322,14.9835
0.0014059,9.65327
0.00142857,-1.88
0.00145125,-12.2052
0.00147392,-14.6876
0.0014966,-7.73198
0.00151927,4.19205
0.00154195,13.4223
0.00156463,14.0277
0.0015873,5.6191
0.00160998,-6.40022
0.00163265,-14.3069
0.00165533,-13.0202
0.001678,-3.36698
0.00170068,8.4498
0.00172336,14.8369
0.00174603,11.6901
0.00176871,1.03142
0.00179138,-10.29
0.00181406,-14.9993
0.00183673,-10.0703
0.00185941,1.32969
0.00188209,11.8752
0.00190476,14.7899
0.00192744,8.20093
0.00195011,-3.65785
0.00197279,-13.1662
0.00199546,-14.2141
0.00201814,-6.12837
0.00204082,5.89538
0.00206349,14.1309
0.00208617,13.2861
0.00210884,3.90396
0.00213152,-7.98681
0.0021542,-14.7454
0.00217687,-12.0289
0.00219955,-1.5828
0.00222222,9.88034
0.0022449,14.9946
0.00226757,10.4736
0.00229025,-0.77757
0.00231293,-11.529
0.0023356,-14.8722
0.00235828,-8.6587
0.00238095,3.11868
0.00240363,12.8921
0.0024263,14.3812
0.00244898,6.6293
0.00247166,-5.3825
0.00249433,-13.9356
0.00251701,-13.5339
0.00253968,-4.43562
0.00256236,7.51295
0.00258503,14.6338
0.00260771,12.3513
0.00263039,2.13203
0.00265306,-9.45723
0.00267574,-14.9695
0.00269841,-10.8626
0.00272109,0.224391
0.00274376,11.1672
0.00276644,14.9341
0.00278912,9.10469
0.00281179,-2.57525
0.00283447,-12.6004
0.00285714,-14.5287
0.00287982,-7.1212
0.00290249,4.8623
0.00292517,13.7214
0.00294785,13.7633
0.00297052,4.96125
0.0029932,-7.02886
0.00301587,-14.5024
0.00303855,-12.6569
0.00306122,-2.67835
0.0030839,9.02125
0.00310658,14.924
0.00312925,11.2368
0.00315193,0.329093
0.0031746,-10.7901
0.00319728,-14.9758
0.00321995,-9.53829
0.00324263,2.02832
0.00326531,12.2916
0.00328798,14.6565
0.00331066,7.60341
0.00333333,-4.33548
0.00335601,-13.4885
0.00337868,-13.974
0.00340136,-5.48012
0.00342404,6.5352
0.00344671,14.3511
0.00346939,12.9453
0.00349206,3.22103
0.00351474,-8.57298
0.00353741,-14.8582
0.00356009,-11.5957
0.00358277,-0.882129
0.00360544,10.3983
0.00362812,14.997
0.00365079,9.95889
0.00367347,-1.47863
0.00369615,-11.966
0.00371882,-14.7643
0.0037415,-8.07526
0.00376417,3.80275
0.00378685,13.2372
0.00380952,14.1656
0.0038322,5.99152
0.00385488,-6.03264
0.00387755,-14.1803
0.00390023,-13.216
0.0039229,-3.75932
0.00394558,8.11304
0.00396825,14.7721
0.00399093,11.9389
0.00401361,1.43396
0.00403628,-9.99241
0.00405896,-14.9978
0.00408163,-10.3659
0.00410431,0.926927
0.00412698,11.6242
0.00414966,14.8519
0.00417234,8.53612
0.00419501,-3.26485
0.00421769,-12.9679
0.00424036,-14.338
0.00426304,-6.49477
0.00428571,5.52187
0.00430839,13.9903
0.00433107,13.4688
0.00435374,4.29249
0.00437642,-7.64206
0.00439909,-14.666
0.00442177,-12.2658
0.00444444,-1.98385
0.00446712,9.57288
0.0044898,14.9783
0.00451247,10.7589
0.00453515,-0.37396
0.00455782,-11.2665
0.0045805,-14.9194
0.00460317,-8.98535
0.00462585,2.7225
0.00464853,12.6809
0.0046712,14.4908
0.00469388,6.98918
0.00471655,-5.00358
0.00473923,-13.7811
0.0047619,-13.7032
0.00478458,-4.81982
0.00480726,7.16067
0.00482993,14.5398
0.00485261,12.576
0.00487528,2.53103
0.00489796,-9.14032
0.00492063,-14.9383
0.00494331,-11.1372
0.00496599,-0.179515
0.00498866,10.8935
0.00501134,14.9665
0.00503401,9.42236
0.00505669,-2.17644
0.00507937,-12.3767
0.00510204,-14.6239
0.00512472,-7.47407
0.00514739,4.47847
0.00517007,13.5532
0.00519274,13.9189
0.00521542,5.34059
0.0052381,-6.66953
0.00526077,-14.3939
0.00528345,-12.8691
0.00530612,-3.07476
0.0053288,8.69531
0.00535147,14.8779
0.00537415,11.5003
0.00539683,0.732747
0.0054195,-10.5056
0.00544218,-14.9933
0.00546485,-9.84653
0.00548753,1.62743
0.0055102,12.0556
0.00553288,14.7371
0.00555556,7.94879
0.00557823,-3.94727
0.00560091,-13.3069
0.00562358,-14.1157
0.00564626,-5.85408
0.00566893,6.16931
0.00569161,14.2284
0.00571429,13.1446
0.00573696,3.61431
0.00575964,-8.23847
0.00578231,-14.7974
0.00580499,-11.8477
0.00582766,-1.28498
0.00585034,10.1035
0.00587302,14.9996
0.00589569,10.2573
0.00591837,-1.07619
0.00594104,-11.7181
0.00596372,-14.8302
0.00598639,-8.41268
0.00600907,3.4107
0.00603175,13.0424
0.00605442,14.2933
0.0060771,6.3596
0.00609977,-5.66069
0.00612245,-14.0435
0.00614512,-13.4023
0.0061678,-4.14894
0.00619048,7.77041
0.00621315,14.6966
0.00623583,12.1791
0.0062585,1.83546
0.00628118,-9.68758
0.00630385,-14.9856
0.00632653,-10.6541
0.00634921,0.523492
0.00637188,11.3647
0.00639456,14.9032
0.00641723,8.86512
0.00643991,-2.86948
0.00646259,-12.7602
0.00648526,-14.4515
0.00650794,-6.85647
0.00653061,5.14436
0.00655329,13.8395
0.00657596,13.6417
0.00659864,4.67792
0.00662132,-7.29176
0.00664399,-14.5759
0.00666667,-12.4938
0.00668934,-2.38345
0.00671202,9.25848
0.00673469,14.9511
0.00675737,11.0364
0.00678005,0.0299199
0.00680272,-10.9958
0.0068254,-14.9558
0.00684807,-9.30549
0.00687075,2.32435
0.00689342,12.4606
0.0069161,14.5899
0.00693878,7.344
0.00696145,-4.62102
0.00698413,-13.6167
0.0070068,-13.8625
0.00702948,-5.20053
0.00705215,6.80319
0.00707483,14.4353
0.00709751,12.7916
0.00712018,2.92819
0.00714286,-8.81678
0.00716553,-14.8962
0.00718821,-11.4037
0.00721088,-0.583292
0.00723356,10.6119
0.00725624,14.9881
0.00727891,9.73319
0.00730159,-1.77606
0.00732426,-12.144
0.00734694,-14.7085
0.00736961,-7.82153
0.00739229,4.0914
0.00741497,13.3753
0.00743764,14.0644
0.00746032,5.71606
0.00748299,-6.30536
0.00750567,-14.2751
0.00752834,-13.0719
0.00755102,-3.46894
0.0075737,8.36307
0.00759637,14.8211
0.00761905,11.7554
0.00764172,1.13587
0.0076644,-10.2136
0.00768707,-14.9999
0.00770975,-10.1476
0.00773243,1.22535
0.0077551,11.8109
0.00777778,14.807
0.00780045,8.28841
0.00782313,-3.55621
0.0078458,-13.1157
0.00786848,-14.2472
0.00789116,-6.2238
0.00791383,5.79894
0.00793651,14.0954
0.00795918,13.3344
0.00798186,4.00497
0.00800454,-7.89798
0.00802721,-14.7258
0.00804989,-12.0911
0.00807256,-1.6869
0.00809524,9.80131
0.00811791,14.9914
0.00814059,10.5483
0.00816327,-0.672972
0.00818594,-11.4618
0.00820862,-14.8854
0.00823129,-8.744
0.00825397,3.01617
0.00827664,12.8382
0.00829932,14.4106
0.008322,6.72307
0.00834467,-5.28463
0.00836735,-13.8965
0.00839002,-13.5788
0.0084127,-4.53555
0.00843537,7.42213
0.00845805,14.6105
0.00848073,12.4104
0.0085034,2.23563
0.00852608,-9.37572
0.00854875,-14.9624
0.00857143,-10.9345
0.0085941,0.119678
0.00861678,11.097
0.00863946,14.9436
0.00866213,9.18769
0.00868481,-2.47203
0.00870748,-12.5433
0.00873016,-14.5544
0.00875283,-7.21319
0.00877551,4.76312
0.00879819,13.6787
0.00882086,13.8046
0.00884354,5.05995
0.00886621,-6.93618
0.00888889,-14.4752
0.00891156,-12.7128
0.00893424,-2.78132
0.00895692,8.93737
0.00897959,14.9131
0.00900227,11.3059
0.00902494,0.433779
0.00904762,-10.7171
0.00907029,-14.9814
0.00909297,-9.61887
0.00911565,1.92452
0.00913832,12.2312
0.009161,14.6784
0.00918367,7.69349
0.00920635,-4.23512
0.00922902,-13.4423
0.0092517,-14.0117
0.00927438,-5.57746
0.00929705,6.44078
0.00931973,14.3203
0.0093424,12.9979
0.00936508,3.32323
0.00938776,-8.48684
0.00941043,-14.8434
0.00943311,-11.6619
0.00945578,-0.986645
0.00947846,10.3226
0.00950113,14.9987
0.00952381,10.037
0.00954649,-1.37439
0.00956916,-11.9026
0.00959184,-14.7824
0.00961451,-8.16331
0.00963719,3.70136
0.00965986,13.1876
0.00968254,14.1997
0.00970522,6.08738
0.00972789,-5.93662
0.00975057,-14.1459
0.00977324,-13.2652
0.00979592,-3.86061
0.00981859,8.02477
0.00984127,14.7536
0.00986395,12.002
0.00988662,1.53817
0.0099093,-9.91407
0.00993197,-14.9957
0.00995465,-10.4414
0.00997732,0.822386
0.01,11.5577
0.0100227,14.8662
0.0100454,8.62202
0.010068,-3.16256
0.0100907,-12.9149
0.0101134,-14.3684
0.0101361,-6.58901
0.0101587,5.42437
0.0101814,13.9521
0.0102041,13.5145
0.0102268,4.39273
0.0102494,-7.55176
0.0102721,-14.6436
0.0102948,-12.3258
0.0103175,-2.0876
0.0103401,9.49203
0.0103628,14.9722
0.0103855,10.8316
0.0104082,-0.269265
0.0104308,-11.1971
0.0104535,-14.9299
0.0104762,-9.06899
0.0104989,2.61945
0.0105215,12.6247
0.0105442,14.5175
0.0105669,7.08167
0.0105896,-4.90473
0.0106122,-13.7394
0.0106349,-13.7454
0.0106576,-4.91887
0.0106803,7.06848
0.0107029,14.5138
0.0107256,12.6328
0.0107483,2.63418
0.010771,-9.05707
0.0107937,-14.9284
0.0108163,-11.207
0.010839,-0.284222
0.0108617,10.8212
0.0108844,14.9732
0.010907,9.50361
0.0109297,-2.07278
0.0109524,-12.3172
0.0109751,-14.6469
0.0109977,-7.56469
0.0110204,4.37842
0.0110431,13.508
0.0110658,13.9576
0.0110884,5.43831
0.0111111,-6.57557
0.0111338,-14.3641
0.0111565,-12.9225
0.0111791,-3.17718
0.0112018,8.60977
0.0112245,14.8642
0.0112472,11.5672
0.0112698,0.837323
0.0112925,-10.4306
0.0113152,-14.9961
0.0113379,-9.92529
0.0113605,1.52329
0.0113832,11.993
0.0114059,14.7563
0.0114286,8.0374
0.0114512,-3.84615
0.0114739,-13.2582
0.0114966,-14.1508
0.0115193,-5.95035
0.011542,6.0737
0.0115646,14.1949
0.0115873,13.1947
0.01161,3.71586
0.0116327,-8.15076
0.0116553,-14.7798
0.011678,-11.9117
0.0117007,-1.38928
0.0117234,10.0258
0.011746,14.9985
0.0117687,10.3335
0.0117914,-0.971717
0.0118141,-11.6525
0.0118367,-14.8456
0.0118594,-8.49918
0.0118821,3.30864
0.0119048,12.9904
0.0119274,14.3247
0.0119501,6.45429
0.0119728,-5.56357
0.0119955,-14.0064
0.0120181,-13.449
0.0120408,-4.24947
0.0120635,7.68064
0.0120862,14.6753
0.0121088,12.2399
0.0121315,1.93935
0.0121542,-9.60739
0.0121769,-14.9806
0.0121995,-10.7276
0.0122222,0.418825
0.0122449,11.2961
0.0122676,14.9147
0.0122902,8.94938
0.0123129,-2.76662
0.0123356,-12.7048
0.0123583,-14.4792
0.012381,-6.94944
0.0124036,5.04586
0.0124263,13.7988
0.012449,13.6849
0.0124717,4.7773
0.0124943,-7.20007
0.012517,-14.5508
0.0125397,-12.5515
0.0125624,-2.48678
0.012585,9.17586
0.0126077,14.9423
0.0126304,11.107
0.0126531,0.134638
0.0126757,-10.9243
0.0126984,-14.9635
0.0127211,-9.38739
0.0127438,2.22084
0.0127664,12.402
0.0127891,14.6139
0.0128118,7.43513
0.0128345,-4.52129
0.0128571,-13.5724
0.0128798,-13.9021
0.0129025,-5.29862
0.0129252,6.7097
0.0129478,14.4065
0.0129705,12.8459
0.0129932,3.03082
0.0130159,-8.73184
0.0130385,-14.8836
0.0130612,-11.4714
0.0130839,-0.687917
0.0131066,10.5376
0.0131293,14.9919
0.0131519,9.81263
0.0131746,-1.67203
0.0131973,-12.0823
0.01322,-14.7287
0.0132426,-7.91069
0.0132653,3.99055
0.013288,13.3275
0.0133107,14.1005
0.0133333,5.81273
0.013356,-6.21019
0.0133787,-14.2426
0.0134014,-13.1229
0.013424,-3.57074
0.0134467,8.27594
0.0134694,14.8046
0.0134921,11.8202
0.0135147,1.24026
0.0135374,-10.1366
0.0135601,-14.9999
0.0135828,-10.2245
0.0136054,1.12095
0.0136281,11.7461
0.0136508,14.8234
0.0136735,8.37549
0.0136961,-3.45439
0.0137188,-13.0645
0.0137415,-14.2797
0.0137642,-6.31893
0.0137868,5.70222
0.0138095,14.0592
0.0138322,13.382
0.0138549,4.10579
0.0138776,-7.80876
0.0139002,-14.7055
0.0139229,-12.1528
0.0139456,-1.79091
0.0139683,9.7218
0.0139909,14.9875
0.0140136,10.6225
0.0140363,-0.568343
0.014059,-11.3939
0.0140816,-14.898
0.0141043,-8.82888
0.014127,2.91352
0.0141497,12.7837
0.0141723,14.4394
0.014195,6.81652
0.0142177,-5.18649
0.0142404,-13.8568
0.014263,-13.6229
0.0142857,-4.63525
0.0143084,7.33095
0.0143311,14.5864
0.0143537,12.4689
0.0143764,2.33913
0.0143991,-9.29375
0.0144218,-14.9546
0.0144444,-11.0059
0.0144671,0.01496
0.0144898,11.0263
0.0145125,14.9523
0.0145351,9.27025
0.0145578,-2.36868
0.0145805,-12.4855
0.0146032,-14.5794
0.0146259,-7.30483
0.0146485,4.6637
0.0146712,13.6354
0.0146939,13.8453
0.0147166,5.15841
0.0147392,-6.84316
0.0147619,-14.4474
0.0147846,-12.7681
0.0148073,-2.88416
0.0148299,8.85305
0.0148526,14.9014
0.0148753,11.3745
0.014898,0.538443
0.0149206,-10.6436
0.0149433,-14.9862
0.014966,-9.69899
0.0149887,1.82062
0.0150113,12.1703
0.015034,14.6996
0.0150567,7.7832
0.0150794,-4.13456
0.015102,-13.3955
0.0151247,-14.0488
0.0151474,-5.67454
0.0151701,6.34605
0.0151927,14.2888
0.0152154,13.0498
0.0152381,3.42526
0.0152608,-8.40029
0.0152834,-14.828
0.0153061,-11.7275
0.0153288,-1.09111
0.0153515,10.2464
0.0153741,14.9997
0.0153968,10.1145
0.0154195,-1.27007
0.0154422,-11.8386
0.0154649,-14.7998
0.0154875,-8.25097
0.0155102,3.59979
0.0155329,13.1374
0.0155556,14.2331
0.0155782,6.18294
0.0156009,-5.8403
0.0156236,-14.1107
0.0156463,-13.3138
0.0156689,-3.9617
0.0156916,7.9361
0.0157143,14.7343
0.015737,12.0645
0.0157596,1.6423
0.0157823,-9.83524
0.015805,-14.9928
0.0158277,-10.5163
0.0158503,0.717804
0.015873,11.4907
0.0158957,14.8798
0.0159184,8.7075
0.015941,-3.06012
0.0159637,-12.8614
0.0159864,-14.3981
0.0160091,-6.68292
0.0160317,5.3266
0.0160544,13.9134
0.0160771,13.5596
0.0160998,4.49275
0.0161224,-7.4611
0.0161451,-14.6206
0.0161678,-12.3851
0.0161905,-2.19125
0.0162132,9.41071
0.0162358,14.9655
0.0162585,10.9038
0.0162812,-0.164556
0.0163039,-11.1271
0.0163265,-14.9396
0.0163492,-9.15218
0.0163719,2.51628
0.0163946,12.5678
0.0164172,14.5435
0.0164399,7.17381
0.0164626,-4.80565
0.0164853,-13.6971
0.0165079,-13.787
0.0165306,-5.01768
0.0165533,6.97594
0.016576,14.4869
0.0165986,12.6889
0.0166213,2.73721
0.016644,-8.97337
0.0166667,-14.9178
0.0166893,-11.2764
0.016712,-0.388916
0.0167347,10.7484
0.0167574,14.979
0.01678,9.58439
0.0168027,-1.96902
0.0168254,-12.2572
0.0168481,-14.6691
0.0168707,-7.65493
0.0168934,4.27816
0.0169161,13.4622
0.0169388,13.9956
0.0169615,5.53577
0.0169841,-6.48129
0.0170068,-14.3336
0.0170295,-12.9754
0.0170522,-3.27945
0.0170748,8.52381
0.0170975,14.8498
0.0171202,11.6336
0.0171429,0.941858
0.0171655,-10.3551
0.0171882,-14.9981
0.0172109,-10.0036
0.0172336,1.41907
0.0172562,11.9298
0.0172789,14.7747
0.0173016,8.12562
0.0173243,-3.74484
0.0173469,-13.2089
0.0173696,-14.1852
0.0173923,-6.04633
0.017415,5.97781
0.0174376,14.1607
0.0174603,13.2442
0.017483,3.81722
0.0175057,-8.06265
0.0175283,-14.7616
0.017551,-11.975
0.0175737,-1.49352
0.0175964,9.9477
0.017619,14.9967
0.0176417,10.4091
0.0176644,-0.867194
0.0176871,-11.5863
0.0177098,-14.8602
0.0177324,-8.58526
0.0177551,3.20642
0.0177778,12.9377
0.0178005,14.3555
0.0178231,6.54866
0.0178458,-5.46619
0.0178685,-13.9686
0.0178912,-13.495
0.0179138,-4.3498
0.0179365,7.59051
0.0179592,14.6533
0.0179819,12.3001
0.0180045,2.04314
0.0180272,-9.52674
0.0180499,-14.9749
0.0180726,-10.8005
0.0180952,0.314136
0.0181179,11.2269
0.0181406,14.9255
0.0181633,9.0332
0.0181859,-2.66363
0.0182086,-12.6489
0.0182313,-14.5062
0.018254,-7.04207
0.0182766,4.94713
0.0182993,13.7574
0.018322,13.7274
0.0183447,4.87645
0.0183673,-7.10803
0.01839,-14.525
0.0184127,-12.6085
0.0184354,-2.58999
0.018458,9.0928
0.0184807,14.9327
0.0185034,11.1772
0.0185261,0.239349
0.0185488,-10.8523
0.0185714,-14.9704
0.0185941,-9.46884
0.0186168,2.11722
0.0186395,12.3428
0.0186621,14.6371
0.0186848,7.5259
0.0187075,-4.42133
0.0187302,-13.5275
0.0187528,-13.9411
0.0187755,-5.39646
0.0187982,6.61588
0.0188209,14.377
0.0188435,12.8997
0.0188662,3.13331
0.0188889,-8.64648
0.0189116,-14.8702
0.0189342,-11.5386
0.0189569,-0.792509
0.0189796,10.4628
0.0190023,14.995
0.0190249,9.89159
0.0190476,-1.56793
0.0190703,-12.0199
0.019093,-14.7481
0.0191156,-7.99947
0.0191383,3.88951
0.019161,13.2792
0.0191837,14.1359
0.0192063,5.90913
0.019229,-6.11471
0.0192517,-14.2094
0.0192744,-13.1733
0.0192971,-3.67236
0.0193197,8.1884
0.0193424,14.7874
0.0193651,11.8843
0.0193878,1.34459
0.0194104,-10.0592
0.0194331,-14.9991
0.0194558,-10.3009
0.0194785,1.0165
0.0195011,11.6807
0.0195238,14.8391
0.0195465,8.46216
0.0195692,-3.3524
0.0195918,-13.0128
0.0196145,-14.3114
0.0196372,-6.41375
0.0196599,5.60523
0.0196825,14.0224
0.0197052,13.429
0.0197279,4.20641
0.0197506,-7.71916
0.0197732,-14.6845
0.0197959,-12.2139
0.0198186,-1.89484
0.0198413,9.64181
0.0198639,14.9828
0.0198866,10.6961
0.0199093,-0.463685
0.019932,-11.3255
0.0199546,-14.9098
0.0199773,-8.91332
0.02,2.81072
0.0200227,12.7286
0.0200454,14.4674
0.020068,6.90964
0.0200907,-5.08811
0.0201134,-13.8163
0.0201361,-13.6664
0.0201587,-4.73474
0.0201814,7.23941
0.0202041,14.5616
0.0202268,12.5268
0.0202494,2.44251
0.0202721,-9.21133
0.0202948,-14.9461
0.0203175,-11.0768
0.0203401,-0.0897593
0.0203628,10.955
0.0203855,14.9603
0.0204082,9.35235
0.0204308,-2.26522
0.0204535,-12.4272
0.0204762,-14.6037
0.0204989,-7.39612
0.0205215,4.56406
0.0205442,13.5915
0.0205669,13.8852
0.0205896,5.25661
0.0206122,-6.74981
0.0206349,-14.4189
0.0206576,-12.8227
0.0206803,-2.98685
0.0207029,8.7683
0.0207256,14.8891
0.0207483,11.4424
0.020771,0.643081
0.0207937,-10.5695
0.0208163,-14.9903
0.020839,-9.77864
0.0208617,1.71663
0.0208844,12.1088
0.020907,14.7201
0.0209297,7.87253
0.0209524,-4.0338
0.0209751,-13.3481
0.0209977,-14.0851
0.0210204,-5.77133
0.0210431,6.25101
0.0210658,14.2566
0.0210884,13.1011
0.0211111,3.52713
0.0211338,-8.31333
0.0211565,-14.8118
0.0211791,-11.7925
0.0212018,-1.19553
0.0212245,10.1696
0.0212472,15
0.0212698,10.1916
0.0212925,-1.1657
0.0213152,-11.774
0.0213379,-14.8165
0.0213605,-8.33822
0.0213832,3.49804
0.0214059,13.0865
0.0214286,14.2658
0.0214512,6.2782
0.0214739,-5.74371
0.0214966,-14.0748
0.0215193,-13.3617
0.021542,-4.06261
0.0215646,7.84704
0.0215873,14.7143
0.02161,12.1265
0.0216327,1.74635
0.0216553,-9.75593
0.021678,-14.9892
0.0217007,-10.5907
0.0217234,0.613188
0.021746,11.4231
0.0217687,14.8927
0.0217914,8.79256
0.0218141,-2.95753
0.0218367,-12.8072
0.0218594,-14.4271
0.0218821,-6.77651
0.0219048,5.22858
0.0219274,13.8739
0.0219501,13.6041
0.0219728,4.59255
0.0219955,-7.37007
0.0220181,-14.5968
0.0220408,-12.4439
0.0220635,-2.29479
0.0220862,9.32894
0.0221088,14.9581
0.0221315,10.9754
0.0221542,-0.0598397
0.0221769,-11.0566
0.0221995,-14.9486
0.0222222,-9.23492
0.0222449,2.41298
0.0222676,12.5104
0.0222902,14.5688
0.0223129,7.2656
0.0223356,-4.70634
0.0223583,-13.6541
0.022381,-13.8279
0.0224036,-5.11624
0.0224263,6.88307
0.022449,14.4594
0.0224717,12.7444
0.0224943,2.8401
0.022517,-8.88924
0.0225397,-14.9065
0.0225624,-11.3451
0.022585,-0.49359
0.0226077,10.6751
0.0226304,14.9842
0.0226531,9.66471
0.0226757,-1.86516
0.0226984,-12.1965
0.0227211,-14.6906
0.0227438,-7.7448
0.0227664,4.17768
0.0227891,13.4157
0.0228118,14.033
0.0228345,5.63297
0.0228571,-6.38669
0.0228798,-14.3024
0.0229025,-13.0276
0.0229252,-3.38155
0.0229478,8.43744
0.0229705,14.8347
0.0229932,11.6994
0.0230159,1.04635
0.0230385,-10.2791
0.0230612,-14.9994
0.0230839,-10.0813
0.0231066,1.31479
0.0231293,11.8661
0.0231519,14.7924
0.0231746,8.21345
0.0231973,-3.64334
0.02322,-13.159
0.0232426,-14.2189
0.0232653,-6.14202
0.023288,5.88162
0.0233107,14.1258
0.0233333,13.2931
0.023356,3.9184
0.0233787,-7.97415
0.0234014,-14.7427
0.023424,-12.0378
0.0234467,-1.59768
0.0234694,9.86908
0.0234921,14.9942
0.0235147,10.4843
0.0235374,-0.762629
0.0235601,-11.5195
0.0235828,-14.8741
0.0236054,-8.67092
0.0236281,3.10404
0.0236508,12.8844
0.0236735,14.3855
0.0236961,6.64271
0.0237188,-5.36854
0.0237415,-13.9301
0.0237642,-13.5404
0.0237868,-4.44991
0.0238095,7.5
0.0238322,14.6305
0.0238549,12.3598
0.0238776,2.14684
0.0239002,-9.44562
0.0239229,-14.9685
0.0239456,-10.8729
0.0239683,0.209433
0.0239909,11.1572
0.0240136,14.9355
0.0240363,9.11658
0.024059,-2.56051
0.0240816,-12.5923
0.0241043,-14.5325
0.024127,-7.13436
0.0241497,4.84814
0.0241723,13.7153
0.024195,13.7693
0.0242177,4.97536
0.0242404,-7.01564
0.024263,-14.4985
0.0242857,-12.6649
0.0243084,-2.69307
0.0243311,9.00929
0.0243537,14.9225
0.0243764,11.2467
0.0243991,0.344049
0.0244218,-10.7797
0.0244444,-14.9766
0.0244671,-9.54983
0.0244898,2.0135
0.0245125,12.283
0.0245351,14.6597
0.0245578,7.6163
0.0245805,-4.32115
0.0246032,-13.4819
0.0246259,-13.9794
0.0246485,-5.49404
0.0246712,6.52173
0.0246939,14.3468
0.0247166,12.9528
0.0247392,3.23564
0.0247619,-8.5607
0.0247846,-14.8561
0.0248073,-11.6052
0.0248299,-0.897062
0.0248526,10.3875
0.0248753,14.9973
0.024898,9.97008
0.0249206,-1.46374
0.0249433,-11.957
0.024966,-14.7669
0.0249887,-8.08786
0.0250113,3.78828
0.025034,13.2301
0.0250567,14.1706
0.0250794,6.00524
0.025102,-6.01894
0.0251247,-14.1755
0.0251474,-13.2231
0.0251701,-3.7738
0.0251927,8.10046
0.0252154,14.7695
0.0252381,11.9479
0.0252608,1.44885
0.0252834,-9.98125
0.0253061,-14.9976
0.0253288,-10.3767
0.0253515,0.911995
0.0253741,11.6147
0.0253968,14.854
0.0254195,8.54841
0.0254422,-3.25025
0.0254649,-12.9604
0.0254875,-14.3424
0.0255102,-6.50826
0.0255329,5.50796
0.0255556,13.9849
0.0255782,13.4753
0.0256009,4.30683
0.0256236,-7.62918
0.0256463,-14.6628
0.0256689,-12.2744
0.0256916,-1.99867
0.0257143,9.56136
0.025737,14.9774
0.0257596,10.7693
0.0257823,-0.359005
0.025805,-11.2566
0.0258277,-14.9209
0.0258503,-8.99733
0.025873,2.70779
0.0258957,12.6729
0.0259184,14.4947
0.025941,7.00242
0.0259637,-4.98947
0.0259864,-13.7752
0.0260091,-13.7093
0.0260317,-4.83399
0.0260544,7.14752
0.0260771,14.5362
0.0260998,12.5841
0.0261224,2.54577
0.0261451,-9.12845
0.0261678,-14.9369
0.0261905,-11.1472
0.0262132,-0.194474
0.0262358,10.8832
0.0262585,14.9675
0.0262812,9.43399
0.0263039,-2.16164
0.0263265,-12.3682
0.0263492,-14.6272
0.0263719,-7.48704
0.0263946,4.46419
0.0264172,13.5468
0.0264399,13.9245
0.0264626,5.35456
0.0264853,-6.65612
0.0265079,-14.3897
0.0265306,-12.8767
0.0265533,-3.0894
0.026576,8.68312
0.0265986,14.876
0.0266213,11.5099
0.026644,0.747688
0.0266667,-10.495
0.0266893,-14.9937
0.026712,-9.85781
0.0267347,1.61255
0.0267574,12.0467
0.02678,14.7399
0.0268027,7.96147
0.0268254,-3.93284
0.0268481,-13.3
0.0268707,-14.1208
0.0268934,-5.86785
0.0269161,6.15567
0.0269388,14.2237
0.0269615,13.1518
0.0269841,3.62883
0.0270068,-8.22596
0.0270295,-14.7949
0.0270522,-11.8569
0.0270748,-1.29988
0.0270975,10.0924
0.0271202,14.9995
0.0271429,10.2682
0.0271655,-1.06127
0.0271882,-11.7088
0.0272109,-14.8325
0.0272336,-8.42506
0.0272562,3.39613
0.0272789,13.035
0.0273016,14.2979
0.0273243,6.37315
0.0273469,-5.64683
0.0273696,-14.0383
0.0273923,-13.409
0.027415,-4.16331
0.0274376,7.75761
0.0274603,14.6936
0.027483,12.1878
0.0275057,1.85031
0.0275283,-9.67615
0.027551,-14.9849
0.0275737,-10.6646
0.0275964,0.508541
0.027619,11.3549
0.0276417,14.9048
0.0276644,8.87718
0.0276871,-2.85479
0.0277098,-12.7523
0.0277324,-14.4555
0.0277551,-6.86977
0.0277778,5.1303
0.0278005,13.8337
0.0278231,13.6479
0.0278458,4.69213
0.0278685,-7.27869
0.0278912,-14.5724
0.0279138,-12.5021
0.0279365,-2.39822
0.0279592,9.24671
0.0279819,14.9499
0.0280045,11.0465
0.0280272,0.0448798
0.0280499,-10.9856
0.0280726,-14.9569
0.0280952,-9.31722
0.0281179,2.30957
0.0281406,12.4523
0.0281633,14.5934
0.0281859,7.35704
0.0282086,-4.60679
0.0282313,-13.6104
0.028254,-13.8682
0.0282766,-5.21456
0.0282993,6.78986
0.028322,14.4312
0.0283447,12.7994
0.0283673,2.94286
0.02839,-8.80467
0.0284127,-14.8945
0.0284354,-11.4134
0.028458,-0.59824
0.0284807,10.6013
0.0285034,14.9887
0.0285261,9.74456
0.0285488,-1.7612
0.0285714,-12.1353
0.0285941,-14.7114
0.0286168,-7.83429
0.0286395,4.07701
0.0286621,13.3685
0.0286848,14.0696
0.0287075,5.72988
0.0287302,-6.29178
0.0287528,-14.2705
0.0287755,-13.0792
0.0287982,-3.48349
0.0288209,8.35065
0.0288435,14.8188
0.0288662,11.7647
0.0288889,1.15079
0.0289116,-10.2026
0.0289342,-15
0.0289569,-10.1586
0.0289796,1.21044
0.0290023,11.8017
0.0290249,14.8094
0.0290476,8.30087
0.0290703,-3.54167
0.029093,-13.1084
0.0291156,-14.2519
0.0291383,-6.23741
0.029161,5.78514
0.0291837,14.0903
0.0292063,13.3412
0.029229,4.01939
0.0292517,-7.88526
0.0292744,-14.723
0.0292971,-12.1
0.0293197,-1.70176
0.0293424,9.78998
0.0293651,14.9909
0.0293878,10.5589
0.0294104,-0.658027
0.0294331,-11.4521
0.0294558,-14.8873
0.0294785,-8.75616
0.0295011,3.00151
0.0295238,12.8305
0.0295465,14.4148
0.0295692,6.73644
0.0295918,-5.27062
0.0296145,-13.8909
0.0296372,-13.5851
0.0296599,-4.54981
0.0296825,7.40913
0.0297052,14.6071
0.0297279,12.4188
0.0297506,2.25043
0.0297732,-9.36404
0.0297959,-14.9613
0.0298186,-10.9448
0.0298413,0.104719
0.0298639,11.0869
0.0298866,14.9449
0.0299093,9.19952
0.029932,-2.45727
0.0299546,-12.5351
0.0299773,-14.558
0.03,-7.22631
0.0300227,4.74893
0.0300454,13.6726
0.030068,13.8105
0.0300907,5.07403
0.0301134,-6.92291
0.0301361,-14.4713
0.0301587,-12.7207
0.0301814,-2.79602
0.0302041,8.92535
0.0302268,14.9115
0.0302494,11.3157
0.0302721,0.448732
0.0302948,-10.7066
0.0303175,-14.9821
0.0303401,-9.63035
0.0303628,1.90968
0.0303855,12.2226
0.0304082,14.6815
0.0304308,7.70633
0.0304535,-4.22077
0.0304762,-13.4357
0.0304989,-14.0171
0.0305215,-5.59135
0.0305442,6.42727
0.0305669,14.3158
0.0305896,13.0053
0.0306122,3.33781
0.0306349,-8.47451
0.0306576,-14.8413
0.0306803,-11.6713
0.0307029,-1.00157
0.0307256,10.3117
0.0307483,14.9989
0.030771,10.0481
0.0307937,-1.35949
0.0308163,-11.8935
0.030839,-14.7849
0.0308617,-8.17586
0.0308844,3.68686
0.030907,13.1805
0.0309297,14.2046
0.0309524,6.10105
0.0309751,-5.92288
0.0309977,-14.1409
0.0310204,-13.2722
0.0310431,-3.87506
0.0310658,8.01212
0.0310884,14.7509
0.0311111,12.011
0.0311338,1.55305
0.0311565,-9.90283
0.0311791,-14.9953
0.0312018,-10.4521
0.0312245,0.807448
0.0312472,11.5482
0.0312698,14.8682
0.0312925,8.63426
0.0313152,-3.14794
0.0313379,-12.9073
0.0313605,-14.3727
0.0313832,-6.60245
0.0314059,5.41042
0.0314286,13.9466
0.0314512,13.521
0.0314739,4.40703
0.0314966,-7.53883
0.0315193,-14.6404
0.031542,-12.3343
0.0315646,-2.10241
0.0315873,9.48044
0.03161,14.9713
0.0316327,10.8419
0.0316553,-0.254307
0.031678,-11.1871
0.0317007,-14.9313
0.0317234,-9.0809
0.031746,2.60472
0.0317687,12.6166
0.0317914,14.5213
0.0318141,7.09485
0.0318367,-4.89059
0.0318594,-13.7334
0.0318821,-13.7514
0.0319048,-4.933
0.0319274,7.05528
0.0319501,14.51
0.0319728,12.6408
0.0319955,2.64891
0.0320181,-9.04514
0.0320408,-14.9269
0.0320635,-11.217
0.0320862,-0.299179
0.0321088,10.8109
0.0321315,14.974
0.0321542,9.51518
0.0321769,-2.05796
0.0321995,-12.3087
0.0322222,-14.6501
0.0322449,-7.5776
0.0322676,4.36411
0.0322902,13.5015
0.0323129,13.9631
0.0323356,5.45225
0.0323583,-6.56212
0.032381,-14.3598
0.0324036,-12.9301
0.0324263,-3.1918
0.032449,8.59752
0.0324717,14.8622
0.0324943,11.5767
0.032517,0.852259
0.0325397,-10.4199
0.0325624,-14.9964
0.032585,-9.9365
0.0326077,1.5084
0.0326304,11.984
0.0326531,14.7589
0.0326757,8.05003
0.0326984,-3.83169
0.0327211,-13.2512
0.0327438,-14.1558
0.0327664,-5.96408
0.0327891,6.06002
0.0328118,14.1901
0.0328345,13.2018
0.0328571,3.73035
0.0328798,-8.13819
0.0329025,-14.7773
0.0329252,-11.9208
0.0329478,-1.40418
0.0329705,10.0147
0.0329932,14.9983
0.0330159,10.3443
0.0330385,-0.956788
0.0330612,-11.6431
0.0330839,-14.8477
0.0331066,-8.5115
0.0331293,3.29404
0.0331519,12.9829
0.0331746,14.3292
0.0331973,6.46779
0.03322,-5.54968
0.0332426,-14.001
0.0332653,-13.4556
0.033288,-4.26382
0.0333107,7.66779
0.0333333,14.6722
0.033356,12.2485
0.0333787,1.95418
0.0334014,-9.5959
0.033424,-14.9798
0.0334467,-10.738
0.0334694,0.40387
0.0334921,11.2862
0.0335147,14.9163
0.0335374,8.96138
0.0335601,-2.75192
0.0335828,-12.6969
0.0336054,-14.4831
0.0336281,-6.96269
0.0336508,5.03177
0.0336735,13.7929
0.0336961,13.691
0.0337188,4.79148
0.0337415,-7.18694
0.0337642,-14.5472
0.0337868,-12.5596
0.0338095,-2.50153
0.0338322,9.16403
0.0338549,14.9409
0.0338776,11.1171
0.0339002,0.149597
0.0339229,-10.914
0.0339456,-14.9645
0.0339683,-9.39906
0.0339909,2.20604
0.0340136,12.3936
0.0340363,14.6172
0.034059,7.44812
0.0340816,-4.50702
0.0341043,-13.566
0.034127,-13.9078
0.0341497,-5.31262
0.0341723,6.69631
0.034195,14.4023
0.0342177,12.8537
0.0342404,3.04547
0.034263,-8.71968
0.0342857,-14.8817
0.0343084,-11.481
0.0343311,-0.702861
0.0343537,10.527
0.0343764,14.9924
0.0343991,9.82394
0.0344218,-1.65717
0.0344444,-12.0734
0.0344671,-14.7315
0.0344898,-7.9234
0.0345125,3.97613
0.0345351,13.3207
0.0345578,14.1056
0.0345805,5.82652
0.0346032,-6.19657
0.0346259,-14.2379
0.0346485,-13.1302
0.0346712,-3.58527
0.0346939,8.26345
0.0347166,14.8022
0.0347392,11.8294
0.0347619,1.25517
0.0347846,-10.1256
0.0348073,-14.9998
0.0348299,-10.2354
0.0348526,1.10603
0.0348753,11.7368
0.034898,14.8257
0.0349206,8.38789
0.0349433,-3.43983
0.034966,-13.0572
0.0349887,-14.2842
0.0350113,-6.33249
0.035034,5.68838
0.0350567,14.054
0.0350794,13.3888
0.035102,4.12018
0.0351247,-7.79598
0.0351474,-14.7026
0.0351701,-12.1616
0.0351927,-1.80577
0.0352154,9.7104
0.0352381,14.9868
0.0352608,10.633
0.0352834,-0.553393
0.0353061,-11.3842
0.0353288,-14.8997
0.0353515,-8.84097
0.0353741,2.89884
0.0353968,12.7759
0.0354195,14.4434
0.0354422,6.82984
0.0354649,-5.17245
0.0354875,-13.851
0.0355102,-13.6292
0.0355329,-4.64948
0.0355556,7.31789
0.0355782,14.5829
0.0356009,12.4772
0.0356236,2.3539
0.0356463,-9.282
0.0356689,-14.9535
0.0356916,-11.0161
0.0357143,-5.81015e-10
0.035737,11.0161
0.0357596,14.9535
0.0357823,9.282
0.035805,-2.3539
0.0358277,-12.4772
0.0358503,-14.5829
0.035873,-7.31789
0.0358957,4.64948
0.0359184,13.6292
0.035941,13.851
0.0359637,5.17245
0.0359864,-6.82984
0.0360091,-14.4434
0.0360317,-12.7759
0.0360544,-2.89884
0.0360771,8.84097
0.0360998,14.8997
0.0361224,11.3842
0.0361451,0.553393
0.0361678,-10.633
0.0361905,-14.9868
0.0362132,-9.7104
0.0362358,1.80577
0.0362585,12.1616
0.0362812,14.7026
0.0363039,7.79598
0.0363265,-4.12018
0.0363492,-13.3888
0.0363719,-14.054
0.0363946,-5.68838
0.0364172,6.33249
0.0364399,14.2842
0.0364626,13.0572
0.0364853,3.43983
0.0365079,-8.38789
0.0365306,-14.8257
0.0365533,-11.7368
0.036576,-1.10603
0.0365986,10.2354
0.0366213,14.9998
0.036644,10.1256
0.0366667,-1.25517
0.0366893,-11.8294
0.036712,-14.8022
0.0367347,-8.26345
0.0367574,3.58527
0.03678,13.1302
0.0368027,14.2379
0.0368254,6.19657
0.0368481,-5.82652
0.0368707,-14.1056
0.0368934,-13.3207
0.0369161,-3.97613
0.0369388,7.9234
0.0369615,14.7315
0.0369841,12.0734
0.0370068,1.65717
0.0370295,-9.82394
0.0370522,-14.9924
0.0370748,-10.527
0.0370975,0.702861
0.0371202,11.481
0.0371429,14.8817
0.0371655,8.71968
0.0371882,-3.04547
0.0372109,-12.8537
0.0372336,-14.4023
0.0372562,-6.69631
0.0372789,5.31262
0.0373016,13.9078
0.0373243,13.566
0.0373469,4.50702
0.0373696,-7.44812
0.0373923,-14.6172
0.037415,-12.3936
0.0374376,-2.20604
0.0374603,9.39906
0.037483,14.9645
0.0375057,10.914
0.0375283,-0.149597
0.037551,-11.1171
0.0375737,-14.9409
0.0375964,-9.16403
0.037619,2.50153
0.0376417,12.5596
0.0376644,14.5472
0.0376871,7.18694
0.0377098,-4.79148
0.0377324,-13.691
0.0377551,-13.7929
0.0377778,-5.03177
0.0378005,6.96269
0.0378231,14.4831
0.0378458,12.6969
0.0378685,2.75192
0.0378912,-8.96138
0.0379138,-14.9163
0.0379365,-11.2862
0.0379592,-0.40387
0.0379819,10.738
0.0380045,14.9798
0.0380272,9.5959
0.0380499,-1.95418
0.0380726,-12.2485
0.0380952,-14.6722
0.0381179,-7.66779
0.0381406,4.26382
0.0381633,13.4556
0.0381859,14.001
0.0382086,5.54968
0.0382313,-6.46779
0.038254,-14.3292
0.0382766,-12.9829
0.0382993,-3.29404
0.038322,8.5115
0.0383447,14.8477
0.0383673,11.6431
0.03839,0.956788
0.0384127,-10.3443
0.0384354,-14.9983
0.038458,-10.0147
0.0384807,1.40418
0.0385034,11.9208
0.0385261,14.7773
0.0385488,8.13819
0.0385714,-3.73035
0.0385941,-13.2018
0.0386168,-14.1901
0.0386395,-6.06002
0.0386621,5.96408
0.0386848,14.1558
0.0387075,13.2512
0.0387302,3.83169
0.0387528,-8.05003
0.0387755,-14.7589
0.0387982,-11.984
0.0388209,-1.5084
0.0388435,9.9365
0.0388662,14.9964
0.0388889,10.4199
0.0389116,-0.852259
0.0389342,-11.5767
0.0389569,-14.8622
0.0389796,-8.59752
0.0390023,3.1918
0.0390249,12.9301
0.0390476,14.3598
0.0390703,6.56212
0.039093,-5.45225
0.0391156,-13.9631
0.0391383,-13.5015
0.039161,-4.36411
0.0391837,7.5776
0.0392063,14.6501
0.039229,12.3087
0.0392517,2.05796
0.0392744,-9.51518
0.0392971,-14.974
0.0393197,-10.8109
0.0393424,0.299179
0.0393651,11.217
0.0393878,14.9269
0.0394104,9.04514
0.0394331,-2.64891
0.0394558,-12.6408
0.0394785,-14.51
0.0395011,-7.05528
0.0395238,4.933
0.0395465,13.7514
0.0395692,13.7334
0.0395918,4.89059
0.0396145,-7.09485
0.0396372,-14.5213
0.0396599,-12.6166
0.0396825,-2.60472
0.0397052,9.0809
0.0397279,14.9313
0.0397506,11.1871
0.0397732,0.254307
0.0397959,-10.8419
0.0398186,-14.9713
0.0398413,-9.48044
0.0398639,2.10241
0.0398866,12.3343
0.0399093,14.6404
0.039932,7.53883
0.0399546,-4.40703
0.0399773,-13.521
0.04,-13.9466
0.0400227,-5.41042
0.0400454,6.60245
0.040068,14.3727
0.0400907,12.9073
0.0401134,3.14794
0.0401361,-8.63426
0.0401587,-14.8682
0.0401814,-11.5482
0.0402041,-0.807448
0.0402268,10.4521
0.0402494,14.9953
0.0402721,9.90283
0.0402948,-1.55305
0.0403175,-12.011
0.0403401,-14.7509
0.0403628,-8.01212
0.0403855,3.87506
0.0404082,13.2722
0.0404308,14.1409
0.0404535,5.92288
0.0404762,-6.10105
0.0404989,-14.2046
0.0405215,-13.1805
0.0405442,-3.68686
0.0405669,8.17586
0.0405896,14.7849
0.0406122,11.8935
0.0406349,1.35949
0.0406576,-10.0481
0.0406803,-14.9989
0.0407029,-10.3117
0.0407256,1.00157
0.0407483,11.6713
0.040771,14.8413
0.0407937,8.47451
0.0408163,-3.33781
0.040839,-13.0053
0.0408617,-14.3158
0.0408844,-6.42727
0.040907,5.59135
0.0409297,14.0171
0.0409524,13.4357
0.0409751,4.22077
0.0409977,-7.70633
0.0410204,-14.6815
0.0410431,-12.2226
0.0410658,-1.90968
0.0410884,9.63035
0.0411111,14.9821
0.0411338,10.7066
0.0411565,-0.448732
0.0411791,-11.3157
0.0412018,-14.9115
0.0412245,-8.92535
0.0412472,2.79602
0.0412698,12.7207
0.0412925,14.4713
0.0413152,6.92291
0.0413379,-5.07403
0.0413605,-13.8105
0.0413832,-13.6726
0.0414059,-4.74893
0.0414286,7.22631
0.0414512,14.558
0.0414739,12.5351
0.0414966,2.45727
0.0415193,-9.19952
0.041542,-14.9449
0.0415646,-11.0869
0.0415873,-0.104719
0.04161,10.9448
0.0416327,14.9613
0.0416553,9.36404
0.041678,-2.25043
0.0417007,-12.4188
0.0417234,-14.6071
0.041746,-7.40913
0.0417687,4.54981
0.0417914,13.5851
0.0418141,13.8909
0.0418367,5.27062
0.0418594,-6.73644
0.0418821,-14.4148
0.0419048,-12.8305
0.0419274,-3.00151
0.0419501,8.75616
0.0419728,14.8873
0.0419955,11.4521
0.0420181,0.658027
0.0420408,-10.5589
0.0420635,-14.9909
0.0420862,-9.78998
0.0421088,1.70176
0.0421315,12.1
0.0421542,14.723
0.0421769,7.88526
0.0421995,-4.01939
0.0422222,-13.3412
0.0422449,-14.0903
0.0422676,-5.78514
0.0422902,6.23741
0.0423129,14.2519
0.0423356,13.1084
0.0423583,3.54167
0.042381,-8.30087
0.0424036,-14.8094
0.0424263,-11.8017
0.042449,-1.21044
0.0424717,10.1586
0.0424943,15
0.042517,10.2026
0.0425397,-1.15079
0.0425624,-11.7647
0.042585,-14.8188
0.0426077,-8.35065
0.0426304,3.48349
0.0426531,13.0792
0.0426757,14.2705
0.0426984,6.29178
0.0427211,-5.72988
0.0427438,-14.0696
0.0427664,-13.3685
0.0427891,-4.07701
0.0428118,7.83429
0.0428345,14.7114
0.0428571,12.1353
0.0428798,1.7612
0.0429025,-9.74456
0.0429252,-14.9887
0.0429478,-10.6013
0.0429705,0.59824
0.0429932,11.4134
0.0430159,14.8945
0.0430385,8.80467
0.0430612,-2.94286
0.0430839,-12.7994
0.0431066,-14.4312
0.0431293,-6.78986
0.0431519,5.21456
0.0431746,13.8682
0.0431973,13.6104
0.04322,4.60679
0.0432426,-7.35704
0.0432653,-14.5934
0.043288,-12.4523
0.0433107,-2.30957
0.0433333,9.31722
0.043356,14.9569
0.0433787,10.9856
0.0434014,-0.0448798
0.043424,-11.0465
0.0434467,-14.9499
0.0434694,-9.24671
0.0434921,2.39822
0.0435147,12.5021
0.0435374,14.5724
0.0435601,7.27869
0.0435828,-4.69213
0.0436054,-13.6479
0.0436281,-13.8337
0.0436508,-5.1303
0.0436735,6.86977
0.0436961,14.4555
0.0437188,12.7523
0.0437415,2.85479
0.0437642,-8.87718
0.0437868,-14.9048
0.0438095,-11.3549
0.0438322,-0.508541
0.0438549,10.6646
0.0438776,14.9849
0.0439002,9.67615
0.0439229,-1.85031
0.0439456,-12.1878
0.0439683,-14.6936
0.0439909,-7.75761
0.0440136,4.16331
0.0440363,13.409
0.044059,14.0383
0.0440816,5.64683
0.0441043,-6.37315
0.044127,-14.2979
0.0441497,-13.035
0.0441723,-3.39613
0.044195,8.42506
0.0442177,14.8325
0.0442404,11.7088
0.044263,1.06127
0.0442857,-10.2682
0.0443084,-14.9995
0.0443311,-10.0924
0.0443537,1.29988
0.0443764,11.8569
0.0443991,14.7949
0.0444218,8.22596
0.0444444,-3.62883
0.0444671,-13.1518
0.0444898,-14.2237
0.0445125,-6.15567
0.0445351,5.86785
0.0445578,14.1208
0.0445805,13.3
0.0446032,3.93284
0.0446259,-7.96147
0.0446485,-14.7399
0.0446712,-12.0467
0.0446939,-1.61255
0.0447166,9.85781
0.0447392,14.9937
0.0447619,10.495
0.0447846,-0.747688
0.0448073,-11.5099
0.0448299,-14.876
0.0448526,-8.68312
0.0448753,3.0894
0.044898,12.8767
0.0449206,14.3897
0.0449433,6.65612
0.044966,-5.35456
0.0449887,-13.9245
0.0450113,-13.5468
0.045034,-4.46419
0.0450567,7.48704
0.0450794,14.6272
0.045102,12.3682
0.0451247,2.16164
0.0451474,-9.43399
0.0451701,-14.9675
0.0451927,-10.8832
0.0452154,0.194474
0.0452381,11.1472
0.0452608,14.9369
0.0452834,9.12845
0.0453061,-2.54577
0.0453288,-12.5841
0.0453515,-14.5362
0.0453741,-7.14752
0.0453968,4.83399
0.0454195,13.7093
0.0454422,13.7752
0.0454649,4.98947
0.0454875,-7.00242
0.0455102,-14.4947
0.0455329,-12.6729
0.0455556,-2.70779
0.0455782,8.99733
0.0456009,14.9209
0.0456236,11.2566
0.0456463,0.359005
0.0456689,-10.7693
0.0456916,-14.9774
0.0457143,-9.56136
0.045737,1.99867
0.0457596,12.2744
0.0457823,14.6628
0.045805,7.62918
0.0458277,-4.30683
0.0458503,-13.4753
0.045873,-13.9849
0.0458957,-5.50796
0.0459184,6.50826
0.045941,14.3424
0.0459637,12.9604
0.0459864,3.25025
0.0460091,-8.54841
0.0460317,-14.854
0.0460544,-11.6147
0.0460771,-0.911995
0.0460998,10.3767
0.0461224,14.9976
0.0461451,9.98125
0.0461678,-1.44885
0.0461905,-11.9479
0.0462132,-14.7695
0.0462358,-8.10046
0.0462585,3.7738
0.0462812,13.2231
0.0463039,14.1755
0.0463265,6.01894
0.0463492,-6.00524
0.0463719,-14.1706
0.0463946,-13.2301
0.0464172,-3.78828
